{
    "snapshot": 3
}

/

{
    "id": 0,
    "localPosition": {
        "x": 0.0,
        "y": 0.0,
        "z": -1.681943473386127e-11
    },
    "localRotation": {
        "x": -7.641620669573968e-11,
        "y": 0.0,
        "z": 0.0,
        "w": 1.0
    },
    "type": 1,
    "links": []
}

/

{
    "id": 1,
    "localPosition": {
        "x": 0.0,
        "y": -0.7510000467300415,
        "z": 9.795897426556621e-11
    },
    "localRotation": {
        "x": 1.0,
        "y": 0.0,
        "z": 0.0,
        "w": 7.641576260652983e-11
    },
    "type": 4,
    "linkedId": 0,
    "connectedAnchor": {
        "x": 0.0,
        "y": -0.7510000467300415,
        "z": 0.0
    }
}

/

{
    "id": 2,
    "localPosition": {
        "x": 0.0,
        "y": 0.0,
        "z": -0.7509999871253967
    },
    "localRotation": {
        "x": -0.7071068286895752,
        "y": 0.0,
        "z": 0.0,
        "w": 0.7071068286895752
    },
    "type": 4,
    "linkedId": 0,
    "connectedAnchor": {
        "x": 0.0,
        "y": 0.0,
        "z": -0.7509999871253967
    }
}

