{
    "snapshot": 3
}

/

{
    "id": 0,
    "localPosition": {
        "x": -2.1083314130990184e-14,
        "y": -1.1920928955078126e-7,
        "z": -1.7067861609720153e-13
    },
    "localRotation": {
        "x": -8.181140409551988e-19,
        "y": -3.1671094602152776e-17,
        "z": 7.127665213602086e-8,
        "w": 1.0
    },
    "type": 1,
    "links": []
}

/

{
    "id": 1,
    "localPosition": {
        "x": 0.824999988079071,
        "y": 0.0,
        "z": -1.7053025658242404e-13
    },
    "localRotation": {
        "x": -2.2351741790771486e-8,
        "y": -2.2351741790771486e-8,
        "z": -0.7071068286895752,
        "w": 0.7071068286895752
    },
    "type": 3,
    "linkedId": 0,
    "rotationAxis": {
        "x": 0.0,
        "y": 1.000000238418579,
        "z": 0.0
    }
}

/

{
    "id": 2,
    "localPosition": {
        "x": -0.8250000476837158,
        "y": -3.5762786865234377e-7,
        "z": 0.0
    },
    "localRotation": {
        "x": 0.0,
        "y": -7.450580596923828e-9,
        "z": -0.7071067094802856,
        "w": 0.7071069478988648
    },
    "type": 3,
    "linkedId": 0,
    "rotationAxis": {
        "x": -2.802596928649634e-45,
        "y": 0.9999998807907105,
        "z": 5.7624049630981458e-31
    }
}

